<?xml version="1.0" encoding="UTF-8"?>
<addon id="skin.estuary.k2x.lambass" version="3.1.1" name="Estuary Mod" provider-name="Kodi Team, LamBass">
	<requires>
		<import addon="xbmc.gui" version="5.16.0"/>
	</requires>
	<extension point="xbmc.gui.skin" debugging="false">
		<res width="1920" height="1440" aspect="4:3" default="false" folder="xml" />
		<res width="1920" height="1280" aspect="3:2" default="false" folder="xml" />
		<res width="1920" height="1200" aspect="16:10" default="false" folder="xml" />
		<res width="2040" height="1080" aspect="17:9" default="false" folder="xml" />
		<res width="1920" height="1080" aspect="16:9" default="true" folder="xml" />
		<res width="2560" height="1080" aspect="21:9" default="false" folder="xml" />
		<res width="2338" height="1080" aspect="19.5:9" default="false" folder="xml" />
		<res width="2160" height="1080" aspect="18:9" default="false" folder="xml" />
	</extension>
	<extension point="xbmc.addon.metadata">
		<platform>all</platform>
		<license>CC BY-SA 4.0, GNU GENERAL PUBLIC LICENSE Version 2.0</license>
		<assets>
			<icon>icon.png</icon>
		</assets>
		<summary lang="en_GB">Estuary Mod - LamBass</summary>
		<summary lang="en_US">Estuary Mod - LamBass</summary>
		<summary lang="vi_VN">Estuary Mod - LamBass</summary>
		<description lang="en_GB">Estuary Mod - LamBass</description>
		<description lang="en_US">Estuary Mod - LamBass</description>
		<description lang="vi_VN">Estuary Mod - LamBass</description>
		<disclaimer lang="en_GB">Estuary Mod - LamBass</disclaimer>
		<disclaimer lang="en_US">Estuary Mod - LamBass</disclaimer>
		<disclaimer lang="vi_VN">Estuary Mod - LamBass</disclaimer>
	</extension>
</addon>
