<?xml version="1.0" encoding="UTF-8" standalone="yes"?>
<addon id="script.module.autocompletion" name="Module AutoCompletion" version="2.1.1" provider-name="Kodi Team">
    <requires>
        <import addon="xbmc.python" version="3.0.0" />
        <import addon="script.module.requests" version="2.30.1"/>
    </requires>
    <extension point="xbmc.python.module" library="lib" />
    <extension point="xbmc.addon.metadata">
        <summary lang="en_GB">Module AutoCompletion</summary>
        <description lang="en_GB">Module AutoCompletion</description>
        <platform>all</platform>
        <license>GPL-2.0-or-later</license>
        <assets>
            <icon>icon.png</icon>
        </assets>
    </extension>
</addon>
