<?xml version="1.0" encoding="UTF-8" standalone="yes"?>
<addon id="service.subtitles.opensubtitles_by_opensubtitles_dualsub"
       name="OpenSubtitles.org by OpenSubtitles with dual subs"
       version="5.4.1"
       provider-name="peno64, moham96, amet, opensubtitles">
  <requires>
    <import addon="script.module.pysubs2" version="1.5.0"/>
    <import addon="script.module.chardet" />
  </requires>
  <extension point="xbmc.subtitle.module"
             library="service.py" />
  <extension point="xbmc.addon.metadata">
    <summary>OpenSubtitles by OpenSubtitles.org with dual subs</summary>
    <description lang="en">Anonymously search and download subtitles for movies and TV-Series from OpenSubtitles.org without log-in. Possibility to choose 2 subtitles which will be shown simultaneously at the bottom and top.</description>
    <disclaimer>Works without log-in</disclaimer>
    <platform>all</platform>
	<language></language>
    <license>GNU GENERAL PUBLIC LICENSE. Version 2, June 1991</license>
    <forum>https://forum.opensubtitles.org/viewtopic.php?f=8&amp;t=15847</forum>
    <website>http://www.opensubtitles.org</website>
    <email>admin [at] opensubtitles {dot} org</email>
	<assets>
	    <icon>icon.png</icon>
	</assets>
  </extension>
</addon>
