<?xml version="1.0" encoding="UTF-8" standalone="yes"?>
<addon id="plugin.program.autocompletion" name="AutoCompletion for Keyboard" version="2.1.3" provider-name="Kodi Team">
    <requires>
        <import addon="xbmc.python" version="3.0.0" />
        <import addon="script.module.autocompletion" version="2.1.2"/>
    </requires>
    <extension point="xbmc.python.script" library="default.py">
        <provides>executable</provides>
    </extension>
    <extension point="xbmc.python.pluginsource" library="plugin.py" />

    <extension point="xbmc.addon.metadata">
        <summary lang="en_GB">AutoCompletion for Keyboard</summary>
        <description lang="en_GB">AutoCompletion for Keyboard</description>
        <platform>all</platform>
        <license>GPL-2.0-or-later</license>
        <assets>
            <icon>icon.png</icon>
        </assets>
    </extension>
</addon>
